variable_x,variable_y,method,coefficient,raw_p_value,bh_adjusted_p_value,n
lat,lon,pearson,-0.01923258592391262,0.054455434933812302,0.062833194154398808,10000
lat,lidar_distance_m,pearson,0.083789887905181354,4.750926625363725e-17,7.7944889947373607e-17,10000
lat,battery_soc,pearson,0.17092660287053393,1.9673161732594581e-66,4.1313639638448621e-66,10000
lat,wheel_torque_fl,pearson,0.22082832247062847,1.0412534448007945e-110,2.4848093569109868e-110,10000
lat,wheel_torque_fr,pearson,0.21735054412866639,3.1598514666486814e-107,6.9121750832939908e-107,10000
lat,wheel_torque_rl,pearson,0.24337302302298869,9.0748687559250231e-135,3.0737458689423467e-134,10000
lat,wheel_torque_rr,pearson,0.22284597335323197,9.3230643357562403e-113,2.3307660839390601e-112,10000
lat,ambient_temp_c,pearson,-0.1553420357969289,4.751543182989879e-55,9.4134346078101375e-55,10000
lat,battery_soc_roll_mean_50,pearson,0.2280999164335365,3.4690760234954532e-118,9.585604801763752e-118,10000
lat,battery_soc_roll_std_50,pearson,0.035054285266097905,0.00045477938531678514,0.00059689794322828052,10000
lat,cumulative_distance_m,pearson,-0.2316676425162775,5.9371738308706218e-122,1.7811521492611865e-121,10000
lat,wheel_imbalance_score,pearson,-0.019835595478252546,0.047310857666012958,0.055528785130584186,10000
lat,lidar_saturation_rate,pearson,0.0049159535857276615,0.6230467776251849,0.66755011888412663,10000
lat,composite_health_score,pearson,0.1664258119570089,4.9927245926313215e-63,1.0279138867182132e-62,10000
lon,lidar_distance_m,pearson,-0.11788080158793475,2.8017979998707497e-32,4.8227670489578479e-32,10000
lon,battery_soc,pearson,-0.55854310659436202,0,0,10000
lon,wheel_torque_fl,pearson,-0.2224040438212711,2.6295851237334538e-112,6.4210799533026196e-112,10000
lon,wheel_torque_fr,pearson,-0.22472905899115625,1.0955915878835834e-114,2.8759279181944065e-114,10000
lon,wheel_torque_rl,pearson,-0.22679725747752427,7.931997184805426e-117,2.1355377036014608e-116,10000
lon,wheel_torque_rr,pearson,-0.21915699776800796,4.9949279474432974e-109,1.1401465966990135e-108,10000
lon,ambient_temp_c,pearson,-0.86197911206509759,0,0,10000
lon,battery_soc_roll_mean_50,pearson,-0.74003916074415255,0,0,10000
lon,battery_soc_roll_std_50,pearson,0.011751996475756248,0.23995738526498275,0.26521605739813886,10000
lon,cumulative_distance_m,pearson,0.73911784931209534,0,0,10000
lon,wheel_imbalance_score,pearson,0.031622234868185453,0.0015635678950926964,0.0019780075781293148,10000
lon,lidar_saturation_rate,pearson,-0.004955629966794748,0.62024433568886495,0.66755011888412663,10000
lon,composite_health_score,pearson,-0.54285769148851859,0,0,10000
lidar_distance_m,battery_soc,pearson,0.11936913222824072,4.6186321622111485e-33,8.0826062838695089e-33,10000
lidar_distance_m,wheel_torque_fl,pearson,-0.001134590215587815,0.90967786431229747,0.91842476685376184,10000
lidar_distance_m,wheel_torque_fr,pearson,-0.0023335517778065116,0.81550801877350221,0.84780536605166079,10000
lidar_distance_m,wheel_torque_rl,pearson,0.0019021922841139017,0.84915584188766502,0.87413101370789048,10000
lidar_distance_m,wheel_torque_rr,pearson,-0.0014475222708049771,0.88492072957768819,0.90210365636560441,10000
lidar_distance_m,ambient_temp_c,pearson,0.06383503885151634,1.6673121310000949e-10,2.5009681965001424e-10,10000
lidar_distance_m,battery_soc_roll_mean_50,pearson,0.15940230202148564,6.6187951485437429e-58,1.3364874819174865e-57,10000
lidar_distance_m,battery_soc_roll_std_50,pearson,0.060179897023400583,1.7153522984923725e-09,2.5015554353013765e-09,10000
lidar_distance_m,cumulative_distance_m,pearson,-0.17186313338027254,3.7449644769626237e-67,8.0249238792056217e-67,10000
lidar_distance_m,wheel_imbalance_score,pearson,0.014334509231964634,0.15175916308964923,0.17134099058508784,10000
lidar_distance_m,lidar_saturation_rate,pearson,-0.052641628643086927,1.3855285938388552e-07,1.9659527345010783e-07,10000
lidar_distance_m,composite_health_score,pearson,0.12700555545947123,3.0923379775233412e-37,5.5033133498296744e-37,10000
battery_soc,wheel_torque_fl,pearson,0.22349097508356805,2.0442422655756639e-113,5.2352545825718214e-113,10000
battery_soc,wheel_torque_fr,pearson,0.23060692416505935,7.9469859992777365e-121,2.3178709164560065e-120,10000
battery_soc,wheel_torque_rl,pearson,0.23435430449876715,7.8395919015289798e-125,2.4944156050319483e-124,10000
battery_soc,wheel_torque_rr,pearson,0.21895442107626917,7.9675227982733018e-109,1.7799784974865887e-108,10000
battery_soc,ambient_temp_c,pearson,0.58224299942879565,0,0,10000
battery_soc,battery_soc_roll_mean_50,pearson,0.75516379453313931,0,0,10000
battery_soc,battery_soc_roll_std_50,pearson,-0.0406790909383829,4.7198173715969551e-05,6.2731749875655731e-05,10000
battery_soc,cumulative_distance_m,pearson,-0.74890232973780479,0,0,10000
battery_soc,wheel_imbalance_score,pearson,-0.028466827603601735,0.0044146700865186862,0.005518337608148358,10000
battery_soc,lidar_saturation_rate,pearson,-0.013934985599802888,0.16350128037294037,0.18263440892722063,10000
battery_soc,composite_health_score,pearson,0.97827032283389503,0,0,10000
wheel_torque_fl,wheel_torque_fr,pearson,0.61999321081041903,0,0,10000
wheel_torque_fl,wheel_torque_rl,pearson,0.63200501774624318,0,0,10000
wheel_torque_fl,wheel_torque_rr,pearson,0.60152499504252133,0,0,10000
wheel_torque_fl,ambient_temp_c,pearson,0.13167511124850975,6.4225484092592877e-40,1.1831010227582897e-39,10000
wheel_torque_fl,battery_soc_roll_mean_50,pearson,0.29675679695165169,1.9477855016946437e-202,7.304195631354913e-202,10000
wheel_torque_fl,battery_soc_roll_std_50,pearson,0.04469996337689465,7.7610192600666377e-06,1.0583208081909052e-05,10000
wheel_torque_fl,cumulative_distance_m,pearson,-0.30096424256227072,1.9409567949870815e-208,7.8384793643709064e-208,10000
wheel_torque_fl,wheel_imbalance_score,pearson,-0.0027565616582773192,0.78283823339925185,0.82198014506921435,10000
wheel_torque_fl,lidar_saturation_rate,pearson,-0.067687651315893854,1.2381360323563747e-11,1.9118276970208727e-11,10000
wheel_torque_fl,composite_health_score,pearson,0.23244632980092991,8.7671565350821673e-123,2.7075042240694928e-122,10000
wheel_torque_fr,wheel_torque_rl,pearson,0.64928454278516212,0,0,10000
wheel_torque_fr,wheel_torque_rr,pearson,0.61232528221439875,0,0,10000
wheel_torque_fr,ambient_temp_c,pearson,0.13469913233844344,1.0412394225069521e-41,2.0246322104301846e-41,10000
wheel_torque_fr,battery_soc_roll_mean_50,pearson,0.30466132103107391,8.5293174916695344e-214,3.5823133465012045e-213,10000
wheel_torque_fr,battery_soc_roll_std_50,pearson,0.044604845310547758,8.1142259895440242e-06,1.0922996524386188e-05,10000
wheel_torque_fr,cumulative_distance_m,pearson,-0.30841096389068978,2.6134258952061108e-219,1.1433738291526734e-218,10000
wheel_torque_fr,wheel_imbalance_score,pearson,-0.13264274888750832,1.735477011125049e-40,3.3131833848750933e-40,10000
wheel_torque_fr,lidar_saturation_rate,pearson,-0.077704178940635582,7.183242879774134e-15,1.1603700036558216e-14,10000
wheel_torque_fr,composite_health_score,pearson,0.24158537426445426,9.1360593330291965e-133,2.9977694686502052e-132,10000
wheel_torque_rl,wheel_torque_rr,pearson,0.62513065807827073,0,0,10000
wheel_torque_rl,ambient_temp_c,pearson,0.1324652076001625,2.2080415999169895e-40,4.1400779998443552e-40,10000
wheel_torque_rl,battery_soc_roll_mean_50,pearson,0.30865049266262368,1.154054587180356e-219,5.2685100719103203e-219,10000
wheel_torque_rl,battery_soc_roll_std_50,pearson,0.045229946089101469,6.0468446879141962e-06,8.3541933188288235e-06,10000
wheel_torque_rl,cumulative_distance_m,pearson,-0.31259212325968644,1.4884705833644061e-225,7.1040641478755748e-225,10000
wheel_torque_rl,wheel_imbalance_score,pearson,-0.086624490741279897,4.0392002491357577e-18,6.7320004152262629e-18,10000
wheel_torque_rl,lidar_saturation_rate,pearson,-0.075428793168693747,4.2633558556825435e-14,6.7826115885858648e-14,10000
wheel_torque_rl,composite_health_score,pearson,0.24497127196789018,1.4226216559139139e-136,4.9791757956986989e-136,10000
wheel_torque_rr,ambient_temp_c,pearson,0.13135382692356867,9.8958619258754521e-40,1.7914922452015905e-39,10000
wheel_torque_rr,battery_soc_roll_mean_50,pearson,0.29582062877284965,4.0851041748489138e-201,1.4790894426177099e-200,10000
wheel_torque_rr,battery_soc_roll_std_50,pearson,0.048565119380131208,1.1811619114577265e-06,1.653626676040817e-06,10000
wheel_torque_rr,cumulative_distance_m,pearson,-0.30023104436236731,2.1934013106462922e-207,8.5298939858466917e-207,10000
wheel_torque_rr,wheel_imbalance_score,pearson,-0.063514635260758845,2.0561360190876317e-10,3.0407645352704411e-10,10000
wheel_torque_rr,lidar_saturation_rate,pearson,-0.071973989202641947,5.7684805676806295e-13,9.0401561135293446e-13,10000
wheel_torque_rr,composite_health_score,pearson,0.22906069240738708,3.4059779813184316e-119,9.665613190227982e-119,10000
ambient_temp_c,battery_soc_roll_mean_50,pearson,0.77230993387745817,0,0,10000
ambient_temp_c,battery_soc_roll_std_50,pearson,0.006557362887092918,0.5120420323680519,0.56004597290255675,10000
ambient_temp_c,cumulative_distance_m,pearson,-0.77376100129511116,0,0,10000
ambient_temp_c,wheel_imbalance_score,pearson,-0.023094596820394706,0.020917016809119487,0.025244675459282138,10000
ambient_temp_c,lidar_saturation_rate,pearson,0.019810102153335788,0.047596101540500736,0.055528785130584186,10000
ambient_temp_c,composite_health_score,pearson,0.56327441541466294,0,0,10000
battery_soc_roll_mean_50,battery_soc_roll_std_50,pearson,-0.055956625646354473,2.1515675516561952e-08,3.0947204510123354e-08,10000
battery_soc_roll_mean_50,cumulative_distance_m,pearson,-0.99158148915081012,0,0,10000
battery_soc_roll_mean_50,wheel_imbalance_score,pearson,-0.031694220612704695,0.001525322732237701,0.0019531571571336417,10000
battery_soc_roll_mean_50,lidar_saturation_rate,pearson,-0.016078199308193923,0.1078958911586219,0.12314204969190544,10000
battery_soc_roll_mean_50,composite_health_score,pearson,0.73983963813359854,0,0,10000
battery_soc_roll_std_50,cumulative_distance_m,pearson,-0.065002629553361557,7.7008041206582129e-11,1.1718614966219019e-10,10000
battery_soc_roll_std_50,wheel_imbalance_score,pearson,-0.0001689603182884092,0.98652124335374136,0.98652124335374136,10000
battery_soc_roll_std_50,lidar_saturation_rate,pearson,-0.094447406052131505,2.9434192271711419e-21,4.9848228847253209e-21,10000
battery_soc_roll_std_50,composite_health_score,pearson,-0.020863141799413301,0.036953228264297901,0.044091920088082721,10000
cumulative_distance_m,wheel_imbalance_score,pearson,0.031980212660675217,0.0013817350795578935,0.0017911380660935656,10000
cumulative_distance_m,lidar_saturation_rate,pearson,0.025636092060330254,0.010356001875802719,0.012643955778596344,10000
cumulative_distance_m,composite_health_score,pearson,-0.73559851569816015,0,0,10000
wheel_imbalance_score,lidar_saturation_rate,pearson,-0.0030079613819035686,0.76359810953224694,0.80987678283723163,10000
wheel_imbalance_score,composite_health_score,pearson,-0.027257610573246101,0.006412122529487788,0.007920857242308444,10000
lidar_saturation_rate,composite_health_score,pearson,-0.22039862356825357,2.8253664719713108e-110,6.5925217679330588e-110,10000
lat,lon,spearman,0.21208923534448959,4.4943433654844144e-102,1.072513757672417e-101,10000
lat,lidar_distance_m,spearman,0.065353042677526493,6.0912661096173761e-11,9.4056314927915366e-11,10000
lat,battery_soc,spearman,0.17927740254787919,5.2865956680499069e-73,1.1328419288678372e-72,10000
lat,wheel_torque_fl,spearman,0.26522676985258647,1.312046795015e-160,3.4441228369143752e-160,10000
lat,wheel_torque_fr,spearman,0.25802681700818059,8.1313432904963555e-152,2.032835822624089e-151,10000
lat,wheel_torque_rl,spearman,0.26942580438314667,7.2771731084187601e-166,2.0107978325893943e-165,10000
lat,wheel_torque_rr,spearman,0.26533148818969776,9.728059710211949e-161,2.619092998903217e-160,10000
lat,ambient_temp_c,spearman,-0.22704956962545006,4.3330803536706143e-117,1.0580777607800337e-116,10000
lat,battery_soc_roll_mean_50,spearman,0.18940579788224718,2.0277184298427718e-81,4.628487720293283e-81,10000
lat,battery_soc_roll_std_50,spearman,0.0092893372706899201,0.35297323344673626,0.37062189511907306,10000
lat,cumulative_distance_m,spearman,-0.19615291266562032,2.6672402707710602e-87,6.2235606317991404e-87,10000
lat,wheel_imbalance_score,spearman,-0.047342028052393605,2.176912200409438e-06,2.7539250728071202e-06,10000
lat,lidar_saturation_rate,spearman,0.026357913622480619,0.0083909564706131541,0.0094736605313374325,10000
lat,composite_health_score,spearman,0.14550072294040561,1.9131601502124469e-48,3.587175281648338e-48,10000
lon,lidar_distance_m,spearman,-0.10244879197918659,9.5577238413061037e-25,1.7606333391879666e-24,10000
lon,battery_soc,spearman,-0.55410159285662974,0,0,10000
lon,wheel_torque_fl,spearman,-0.059826621556880108,2.1338270553333522e-09,3.0692032987671505e-09,10000
lon,wheel_torque_fr,spearman,-0.052084369530719328,1.8749869192212045e-07,2.492071221749702e-07,10000
lon,wheel_torque_rl,spearman,-0.056048191386783408,2.040555951396102e-08,2.7825762973583211e-08,10000
lon,wheel_torque_rr,spearman,-0.055853423002716521,2.2837178191150231e-08,3.074235525731762e-08,10000
lon,ambient_temp_c,spearman,-0.87681760246078844,0,0,10000
lon,battery_soc_roll_mean_50,spearman,-0.5907593074982268,0,0,10000
lon,battery_soc_roll_std_50,spearman,0.034779654429499048,0.00050407231484445394,0.00057529992455073549,10000
lon,cumulative_distance_m,spearman,0.58682278142249888,0,0,10000
lon,wheel_imbalance_score,spearman,0.01874909356896538,0.060814771065371739,0.067931393211319496,10000
lon,lidar_saturation_rate,spearman,-0.038667064580658835,0.00010988048820721483,0.0001267851787006325,10000
lon,composite_health_score,spearman,-0.53354648285297679,0,0,10000
lidar_distance_m,battery_soc,spearman,0.16539240899524738,2.9278478044822993e-62,5.5895276267389352e-62,10000
lidar_distance_m,wheel_torque_fl,spearman,0.0048728863207288626,0.62609491555916796,0.64450947189914354,10000
lidar_distance_m,wheel_torque_fr,spearman,0.0012768620047686201,0.89840990213998073,0.89840990213998084,10000
lidar_distance_m,wheel_torque_rl,spearman,0.0022611153226111532,0.82113643416960758,0.83708083094959995,10000
lidar_distance_m,wheel_torque_rr,spearman,-0.0019234628352346283,0.84748966013106219,0.85563859917078389,10000
lidar_distance_m,ambient_temp_c,spearman,0.063325972653259732,2.3251406343875462e-10,3.487710951581319e-10,10000
lidar_distance_m,battery_soc_roll_mean_50,spearman,0.17784623306859648,7.4611927210141814e-72,1.566850471412978e-71,10000
lidar_distance_m,battery_soc_roll_std_50,spearman,0.074506181053955872,8.6485296652037986e-14,1.3970701766867674e-13,10000
lidar_distance_m,cumulative_distance_m,spearman,-0.18277029345155835,7.5221291207499371e-76,1.6804756546356243e-75,10000
lidar_distance_m,wheel_imbalance_score,spearman,0.0064562548245625483,0.51856985432820979,0.53910727430160421,10000
lidar_distance_m,lidar_saturation_rate,spearman,-0.084613137429006197,2.3415707654251177e-17,4.0305726290104482e-17,10000
lidar_distance_m,composite_health_score,spearman,0.16636903738973485,5.5039320474627052e-63,1.0702090092288593e-62,10000
battery_soc,wheel_torque_fl,spearman,0.3285851367310591,2.1691498851882465e-250,7.347120578863415e-250,10000
battery_soc,wheel_torque_fr,spearman,0.3210665866455143,1.5911222265107696e-238,4.6407731606564113e-238,10000
battery_soc,wheel_torque_rl,spearman,0.32087408867246253,3.1699821037235306e-238,8.995895159215425e-238,10000
battery_soc,wheel_torque_rr,spearman,0.32200820082979187,5.4227863346083223e-240,1.6268359003824968e-239,10000
battery_soc,ambient_temp_c,spearman,0.69566690002834519,0,0,10000
battery_soc,battery_soc_roll_mean_50,spearman,0.92833895519042342,0,0,10000
battery_soc,battery_soc_roll_std_50,spearman,0.048045143169803343,1.5345005065043901e-06,1.9649091851580604e-06,10000
battery_soc,cumulative_distance_m,spearman,-0.93002711404584215,0,0,10000
battery_soc,wheel_imbalance_score,spearman,-0.059053347358865589,3.4261881799871703e-09,4.8614832283601742e-09,10000
battery_soc,lidar_saturation_rate,spearman,-0.043838500130404828,1.15767417883357e-05,1.3657953795227511e-05,10000
battery_soc,composite_health_score,spearman,0.96897116329278732,0,0,10000
wheel_torque_fl,wheel_torque_fr,spearman,0.81006665757666652,0,0,10000
wheel_torque_fl,wheel_torque_rl,spearman,0.80881824946818248,0,0,10000
wheel_torque_fl,wheel_torque_rr,spearman,0.80980702898207035,0,0,10000
wheel_torque_fl,ambient_temp_c,spearman,0.049037110210371104,9.2929111671064508e-07,1.2046366327730584e-06,10000
wheel_torque_fl,battery_soc_roll_mean_50,spearman,0.34920996952629024,1.0404422338330172e-284,4.5519347730194502e-284,10000
wheel_torque_fl,battery_soc_roll_std_50,spearman,0.061480682541544589,7.5972949989778619e-10,1.1079388540176049e-09,10000
wheel_torque_fl,cumulative_distance_m,spearman,-0.35401800118283905,4.3158911628243825e-293,2.059857145893455e-292,10000
wheel_torque_fl,wheel_imbalance_score,spearman,-0.1805626704296267,4.8130005685311431e-74,1.0528438743661875e-73,10000
wheel_torque_fl,lidar_saturation_rate,spearman,-0.085457738339305228,1.125075755404918e-17,1.9688825719586063e-17,10000
wheel_torque_fl,composite_health_score,spearman,0.33006619235830892,9.0961722124924411e-253,3.1836602743723546e-252,10000
wheel_torque_fr,wheel_torque_rl,spearman,0.80811228589712292,0,0,10000
wheel_torque_fr,wheel_torque_rr,spearman,0.80438160252381607,0,0,10000
wheel_torque_fr,ambient_temp_c,spearman,0.044197415625974151,9.8086375470969145e-06,1.1703487982331546e-05,10000
wheel_torque_fr,battery_soc_roll_mean_50,spearman,0.34518718852201413,8.2822655468079628e-278,3.2208810459808742e-277,10000
wheel_torque_fr,battery_soc_roll_std_50,spearman,0.051682628119446468,2.3275414773824051e-07,3.0548981890644065e-07,10000
wheel_torque_fr,cumulative_distance_m,spearman,-0.34873273910275182,6.937677661427695e-284,2.9138246177996321e-283,10000
wheel_torque_fr,wheel_imbalance_score,spearman,-0.17485288514052885,1.7611031193689997e-69,3.5560736064181728e-69,10000
wheel_torque_fr,lidar_saturation_rate,spearman,-0.087608201898281376,1.6848562285975395e-18,2.9984729491990113e-18,10000
wheel_torque_fr,composite_health_score,spearman,0.32407314459832093,3.144440286699627e-243,1.031769469073315e-242,10000
wheel_torque_rl,wheel_torque_rr,spearman,0.80799493203994932,0,0,10000
wheel_torque_rl,ambient_temp_c,spearman,0.045658886460588854,4.9310520128758669e-06,6.0204704808368142e-06,10000
wheel_torque_rl,battery_soc_roll_mean_50,spearman,0.34408333462296237,6.2232925873146011e-276,2.2532611092001141e-275,10000
wheel_torque_rl,battery_soc_roll_std_50,spearman,0.056728985085970594,1.3726913293177303e-08,1.8964814418205486e-08,10000
wheel_torque_rl,cumulative_distance_m,spearman,-0.34837263142893032,2.8975601208513682e-283,1.1701685103438217e-282,10000
wheel_torque_rl,wheel_imbalance_score,spearman,-0.17700241711802414,3.5160667006621586e-71,7.2389608543044438e-71,10000
wheel_torque_rl,lidar_saturation_rate,spearman,-0.083853516807783302,4.4991987671429969e-17,7.6196108153228176e-17,10000
wheel_torque_rl,composite_health_score,spearman,0.32249646180970704,9.3583721559514426e-241,2.8900855187497098e-240,10000
wheel_torque_rr,ambient_temp_c,spearman,0.046316038351160382,3.5951503500562633e-06,4.4939379375703295e-06,10000
wheel_torque_rr,battery_soc_roll_mean_50,spearman,0.34423191395044989,3.483136666981533e-276,1.306176250118075e-275,10000
wheel_torque_rr,battery_soc_roll_std_50,spearman,0.06275610655631414,3.3636425617891983e-10,4.9744009716600811e-10,10000
wheel_torque_rr,cumulative_distance_m,spearman,-0.3493639364934501,5.6372663887719426e-285,2.5735346557437131e-284,10000
wheel_torque_rr,wheel_imbalance_score,spearman,-0.17478901125189011,1.9767728349861783e-69,3.9162480693122402e-69,10000
wheel_torque_rr,lidar_saturation_rate,spearman,-0.081662155207805232,2.8654888013649689e-16,4.7758146689416152e-16,10000
wheel_torque_rr,composite_health_score,spearman,0.32386182282126913,6.7600287573422704e-243,2.1509182409725403e-242,10000
ambient_temp_c,battery_soc_roll_mean_50,spearman,0.74226639156957108,0,0,10000
ambient_temp_c,battery_soc_roll_std_50,spearman,0.04154307446592926,3.2446054701299419e-05,3.7853730484849318e-05,10000
ambient_temp_c,cumulative_distance_m,spearman,-0.74280414766663772,0,0,10000
ambient_temp_c,wheel_imbalance_score,spearman,-0.015355096377550965,0.12468359095346207,0.13358613576652656,10000
ambient_temp_c,lidar_saturation_rate,spearman,0.017831683210335219,0.074572114926066108,0.082421811234073064,10000
ambient_temp_c,composite_health_score,spearman,0.67560495907493767,0,0,10000
battery_soc_roll_mean_50,battery_soc_roll_std_50,spearman,-0.016059514972980578,0.1083059285929006,0.1172383763119027,10000
battery_soc_roll_mean_50,cumulative_distance_m,spearman,-0.99162383874501181,0,0,10000
battery_soc_roll_mean_50,wheel_imbalance_score,spearman,-0.065259896651382085,6.4837612029630899e-11,9.866593134943833e-11,10000
battery_soc_roll_mean_50,lidar_saturation_rate,spearman,-0.044426501969201337,8.8182980612237425e-06,1.0642773522166586e-05,10000
battery_soc_roll_mean_50,composite_health_score,spearman,0.89577323323070224,0,0,10000
battery_soc_roll_std_50,cumulative_distance_m,spearman,-0.098220334403492829,7.2314630371238266e-23,1.3091441705137961e-22,10000
battery_soc_roll_std_50,wheel_imbalance_score,spearman,-0.016426096466458078,0.10048329678604957,0.10990360585974172,10000
battery_soc_roll_std_50,lidar_saturation_rate,spearman,-0.077018409698545939,1.2353614159163856e-14,2.02676482298782e-14,10000
battery_soc_roll_std_50,composite_health_score,spearman,0.065810308416879723,4.4774684745409686e-11,7.0169282063701748e-11,10000
cumulative_distance_m,wheel_imbalance_score,spearman,0.066912636716076904,2.1138631657608046e-11,3.3629641273467343e-11,10000
cumulative_distance_m,lidar_saturation_rate,spearman,0.046081296943420877,4.0266412537254686e-06,4.9740862546020497e-06,10000
cumulative_distance_m,composite_health_score,spearman,-0.89830563410222242,0,0,10000
wheel_imbalance_score,lidar_saturation_rate,spearman,0.015303606628430732,0.12595264229415362,0.13358613576652656,10000
wheel_imbalance_score,composite_health_score,spearman,-0.058441921278206924,4.9614378044158693e-09,6.9460129261822167e-09,10000
lidar_saturation_rate,composite_health_score,spearman,-0.26417114376534179,2.6568507481876247e-159,6.804129964870746e-159,10000
